predicted_CT,circular_variance,n_models_used,osd_id,sample_name
0.5854569219721738,0.6326329475376524,92,OSD-7,Atha_WS-0_Whole-Plant_FLT_Rep1
0.3424823786304689,0.6293053644942457,92,OSD-7,Atha_WS-0_Whole-Plant_FLT_Rep2
0.23424714491096008,0.6239805165641588,92,OSD-7,Atha_WS-0_Whole-Plant_FLT_Rep3
0.41482348989788653,0.6398058261156123,92,OSD-7,Atha_WS-0_Whole-Plant_GC_Rep1
0.1934473677595243,0.6437774307820361,92,OSD-7,Atha_WS-0_Whole-Plant_GC_Rep2
0.31810930192188885,0.6200981894532673,92,OSD-7,Atha_WS-0_Whole-Plant_GC_Rep3
0.978043202422791,0.6597019252068868,92,OSD-7,Atha_WS-0_Col-0_Shoot_FLT_Rep1
0.9566372140488535,0.6385185307702896,92,OSD-7,Atha_WS-0_Col-0_Shoot_FLT_Rep2
0.886017566628015,0.6409210958551921,92,OSD-7,Atha_WS-0_Col-0_Shoot_FLT_Rep3
0.8196983318843147,0.6485825246952708,92,OSD-7,Atha_WS-0_Col-0_Shoot_FLT_Rep4
0.7527886068610212,0.6588073061774536,92,OSD-7,Atha_WS-0_Col-0_Shoot_FLT_Rep5
0.8296297136378491,0.6368797613584226,92,OSD-7,Atha_WS-0_Col-0_Shoot_GC_Rep1
0.5855313598772319,0.6198631015645467,92,OSD-7,Atha_WS-0_Col-0_Shoot_GC_Rep2
0.7121341578786362,0.6536195478327992,92,OSD-7,Atha_WS-0_Col-0_Shoot_GC_Rep3
0.7880430144096656,0.6323634715011067,92,OSD-7,Atha_WS-0_Col-0_Shoot_GC_Rep4
0.6753935300228491,0.6518972701473089,92,OSD-7,Atha_WS-0_Col-0_Shoot_GC_Rep5
0.8548875426516307,0.663117959343952,92,OSD-7,Atha_WS-0_Col-0_Hypocotyl_FLT_Rep1
1.1936861424501946,0.6497480427847053,92,OSD-7,Atha_WS-0_Col-0_Hypocotyl_FLT_Rep2
0.9167152012361146,0.640456572314412,92,OSD-7,Atha_WS-0_Col-0_Hypocotyl_FLT_Rep3
1.0337923914864846,0.6428007453178628,92,OSD-7,Atha_WS-0_Col-0_Hypocotyl_FLT_Rep4
0.8301120994579531,0.6521728446895403,92,OSD-7,Atha_WS-0_Col-0_Hypocotyl_FLT_Rep5
0.8975311609759911,0.6587842384527367,92,OSD-7,Atha_WS-0_Col-0_Hypocotyl_GC_Rep1
0.7180625941345204,0.6561208877201594,92,OSD-7,Atha_WS-0_Col-0_Hypocotyl_GC_Rep2
1.0041236445886574,0.6560617844979251,92,OSD-7,Atha_WS-0_Col-0_Hypocotyl_GC_Rep3
0.7307681181966433,0.6646326487043315,92,OSD-7,Atha_WS-0_Col-0_Hypocotyl_GC_Rep4
1.0494054787908285,0.6629819996607464,92,OSD-7,Atha_WS-0_Col-0_Hypocotyl_GC_Rep5
0.5775455164766345,0.6158198399066455,92,OSD-7,Atha_WS-0_Col-0_Root_FLT_Rep1
0.3577181965308374,0.594659531900817,92,OSD-7,Atha_WS-0_Col-0_Root_FLT_Rep2
0.5110326419708179,0.5876819703345645,92,OSD-7,Atha_WS-0_Col-0_Root_FLT_Rep3
0.47178492010897266,0.578797789480211,92,OSD-7,Atha_WS-0_Col-0_Root_FLT_Rep4
0.5221210809988194,0.6027193946331859,92,OSD-7,Atha_WS-0_Col-0_Root_FLT_Rep5
0.4180396513201625,0.591064777984267,92,OSD-7,Atha_WS-0_Col-0_Root_GC_Rep1
0.38742306045681607,0.590271366077826,92,OSD-7,Atha_WS-0_Col-0_Root_GC_Rep2
0.6906630528818546,0.6072432864555368,92,OSD-7,Atha_WS-0_Col-0_Root_GC_Rep3
0.44170572196264635,0.5887250439407749,92,OSD-7,Atha_WS-0_Col-0_Root_GC_Rep4
0.3536165150798759,0.6167913585070428,92,OSD-7,Atha_WS-0_Col-0_Root_GC_Rep5
0.10982547744075283,0.5642562836926679,92,OSD-17,Atha_Col-0_sl_FLT_BA1
0.2698077399797919,0.5437579955702865,92,OSD-17,Atha_Col-0_sl_FLT_BA2
0.1086940907858987,0.5401978067698079,92,OSD-17,Atha_Col-0_sl_FLT_BA3
0.2614171517989115,0.5377218165708472,92,OSD-17,Atha_Col-0_sl_FLT_BA4
0.2857743186252089,0.5585624093266575,92,OSD-17,Atha_Col-0_sl_FLT_BA5
0.08436462104850682,0.5507440253110805,92,OSD-17,Atha_Col-0_sl_FLT_BG1
0.3993429668798266,0.5461842429156498,92,OSD-17,Atha_Col-0_sl_GC_BA1
0.2681416252512864,0.54374006154371,92,OSD-17,Atha_Col-0_sl_GC_BA2
0.29446806051747876,0.547070887774977,92,OSD-17,Atha_Col-0_sl_GC_BA3
0.12134810963416556,0.5843080596863705,92,OSD-17,Atha_Col-0_sl_GC_BA4
0.3545336334691621,0.5625665626213878,92,OSD-17,Atha_Col-0_sl_GC_BA5
0.10889534713306728,0.5583479759963341,92,OSD-17,Atha_Col-0_sl_GC_BG1
0.2872928931097758,0.5530770784189033,92,OSD-17,Atha_Col-0_UdCC_FLT_BB2
0.24227237601852045,0.5765838954653635,92,OSD-17,Atha_Col-0_UdCC_FLT_BB3
0.1632418391864342,0.5566309585393718,92,OSD-17,Atha_Col-0_UdCC_FLT_BB4
0.1795597231541956,0.574323561451159,92,OSD-17,Atha_Col-0_UdCC_FLT_BB5
0.2855873621664244,0.5598928871654776,92,OSD-17,Atha_Col-0_UdCC_FLT_BG2
0.27639754178768466,0.5736095472702252,92,OSD-17,Atha_Col-0_UdCC_FLT_BG3
0.5504175262172576,0.5774413928415769,92,OSD-17,Atha_Col-0_UdCC_GC_BB2
0.268124670247208,0.5611557927778543,92,OSD-17,Atha_Col-0_UdCC_GC_BB3
0.18326340647147388,0.5665793308047089,92,OSD-17,Atha_Col-0_UdCC_GC_BB4
0.2796083551298207,0.5605825683349948,92,OSD-17,Atha_Col-0_UdCC_GC_BB5
0.1998887494812986,0.5821397494811499,92,OSD-17,Atha_Col-0_UdCC_GC_BG2
0.2648735708895468,0.5539393826061493,92,OSD-17,Atha_Col-0_UdCC_GC_BG3
23.872681738117254,0.5888111788268532,100,OSD-37,Atha_Ws-2_sl-pool_FLT_Rep1_R1-FL-C1
23.321997783582436,0.4693997695089631,100,OSD-37,Atha_Ler-0_sl-pool_FLT_Rep1_R1-FL-C2
23.90438138353619,0.4692710888989309,100,OSD-37,Atha_Cvi-0_sl-pool_FLT_Rep1_R1-FL-C3
0.18436720269327134,0.5705069844745652,100,OSD-37,Atha_Ws-2_sl-pool_FLT_Rep2_R1-FL-C4
23.696886160885988,0.46481353213841214,100,OSD-37,Atha_Ler-0_sl-pool_FLT_Rep2_R1-FL-C5
0.06967940464739608,0.5672046721684993,100,OSD-37,Atha_Ws-2_sl-pool_FLT_Rep3_R1-FL-D1
23.60885957285468,0.45269627383551236,100,OSD-37,Atha_Cvi-0_sl-pool_FLT_Rep2_R1-FL-D2
0.19998368758289692,0.456945091767312,100,OSD-37,Atha_Ler-0_sl-pool_FLT_Rep3_R1-FL-D3
0.03371995320940509,0.5583599472611342,100,OSD-37,Atha_Ws-2_sl-pool_FLT_Rep4_R1-FL-D4
23.788891048864784,0.4358404134605244,100,OSD-37,Atha_Cvi-0_sl-pool_FLT_Rep3_R1-FL-D5
23.901457702726493,0.5222212693111169,100,OSD-37,Atha_Ws-2_sl-pool_GC_Rep1_R1-GC-C1
0.002002455947608462,0.5193692688276744,100,OSD-37,Atha_Ler-0_sl-pool_GC_Rep1_R1-GC-C2
23.472423240177395,0.4686377460250374,100,OSD-37,Atha_Cvi-0_sl-pool_GC_Rep1_R1-GC-C3
0.06095245700982829,0.5340041893886533,100,OSD-37,Atha_Ws-2_sl-pool_GC_Rep2_R1-GC-C4
23.352331490093455,0.4469355943082347,100,OSD-37,Atha_Ler-0_sl-pool_GC_Rep2_R1-GC-C5
0.0967679456925151,0.5453684994259438,100,OSD-37,Atha_Ws-2_sl-pool_GC_Rep3_R1-GC-D1
23.773252476361677,0.49520632232909856,100,OSD-37,Atha_Cvi-0_sl-pool_GC_Rep2_R1-GC-D2
23.539328651232523,0.5239503967548117,100,OSD-37,Atha_Ler-0_sl-pool_GC_Rep3_R1-GC-D3
0.253166560574858,0.5441877664600261,100,OSD-37,Atha_Ws-2_sl-pool_GC_Rep4_R1-GC-D4
23.60167108732639,0.45824670630701025,100,OSD-37,Atha_Cvi-0_sl-pool_GC_Rep3_R1-GC-D5
23.16423496042281,0.5699205982773217,100,OSD-37,Atha_Ws-2_sl-pool_FLT_Rep5_R2-FL-C1
23.358378094889602,0.4405844404670871,100,OSD-37,Atha_Ler-0_sl-pool_FLT_Rep4_R2-FL-C2
23.696484725412457,0.44592149383108215,100,OSD-37,Atha_Cvi-0_sl-pool_FLT_Rep4_R2-FL-C3
0.7404394136823566,0.5649065774694831,100,OSD-37,Atha_Ws-2_sl-pool_FLT_Rep6_R2-FL-C4
23.501091009943476,0.445599708570773,100,OSD-37,Atha_Ler-0_sl-pool_FLT_Rep5_R2-FL-C5
23.480490369291296,0.5720331905187206,100,OSD-37,Atha_Ws-2_sl-pool_FLT_Rep7_R2-FL-D1
23.181729298735007,0.4535305779926002,100,OSD-37,Atha_Cvi-0_sl-pool_FLT_Rep5_R2-FL-D2
23.53097056404347,0.45242716914791126,100,OSD-37,Atha_Ler-0_sl-pool_FLT_Rep6_R2-FL-D3
23.75179013613649,0.5794444197669399,100,OSD-37,Atha_Ws-2_sl-pool_FLT_Rep8_R2-FL-D4
23.151867302081683,0.4601010549346316,100,OSD-37,Atha_Cvi-0_sl-pool_FLT_Rep6_R2-FL-D5
23.945571132089416,0.5151183725010544,100,OSD-37,Atha_Ws-2_sl-pool_GC_Rep5_R2-GC-C1
23.293033459173294,0.43156814232006147,100,OSD-37,Atha_Ler-0_sl-pool_GC_Rep4_R2-GC-C2
23.569070954539956,0.501322292838118,100,OSD-37,Atha_Cvi-0_sl-pool_GC_Rep4_R2-GC-C3
0.02089745334112995,0.5951169318308824,100,OSD-37,Atha_Ws-2_sl-pool_GC_Rep6_R2-GC-C4
23.33257523721732,0.4582748940454675,100,OSD-37,Atha_Ler-0_sl-pool_GC_Rep5_R2-GC-C5
23.74682334930825,0.5450723894409295,100,OSD-37,Atha_Ws-2_sl-pool_GC_Rep7_R2-GC-D1
23.59084564085149,0.4692752211218433,100,OSD-37,Atha_Cvi-0_sl-pool_GC_Rep5_R2-GC-D2
23.238858778103328,0.5117180030818225,100,OSD-37,Atha_Ler-0_sl-pool_GC_Rep6_R2-GC-D3
0.09526998863733308,0.5962445634101254,100,OSD-37,Atha_Ws-2_sl-pool_GC_Rep8_R2-GC-D4
23.358742776743227,0.4872497804355975,100,OSD-37,Atha_Cvi-0_sl-pool_GC_Rep6_R2-GC-D5
23.881252709522034,0.5490625548919669,100,OSD-37,Atha_Col-0_sl-pool_FLT_Rep1_R1-FL-A1
23.656636669904355,0.5361327238329504,100,OSD-37,Atha_Col-0_sl-pool_FLT_Rep2_R1-FL-A4
23.47811206921407,0.5571736883387675,100,OSD-37,Atha_Col-0_sl-pool_FLT_Rep3_R1-FL-B1
23.515039422200186,0.5430660091996753,100,OSD-37,Atha_Col-0_sl-pool_FLT_Rep4_R1-FL-B4
0.238293669845184,0.5447179189405664,100,OSD-37,Atha_Col-0_sl-pool_GC_Rep1_R1-GC-A1
23.87001548517563,0.5196357447177842,100,OSD-37,Atha_Col-0_sl-pool_GC_Rep2_R1-GC-A4
23.735529275736305,0.5437446485898453,100,OSD-37,Atha_Col-0_sl-pool_GC_Rep3_R1-GC-B1
23.84839258121411,0.5641568183251202,100,OSD-37,Atha_Col-0_sl-pool_GC_Rep4_R1-GC-B4
23.61937135708263,0.539299829641416,100,OSD-37,Atha_Col-0_sl-pool_FLT_Rep5_R2-FL-A1
23.488974077474822,0.5306876520952504,100,OSD-37,Atha_Col-0_sl-pool_FLT_Rep6_R2-FL-A4
23.303746508240327,0.49532490135595963,100,OSD-37,Atha_Col-0_sl-pool_FLT_Rep7_R2-FL-B1
23.2778467558959,0.511160310855485,100,OSD-37,Atha_Col-0_sl-pool_FLT_Rep8_R2-FL-B4
23.094020362125356,0.5611506514842078,100,OSD-37,Atha_Col-0_sl-pool_GC_Rep5_R2-GC-A1
23.543209884088004,0.5236093254246779,100,OSD-37,Atha_Col-0_sl-pool_GC_Rep6_R2-GC-A4
23.44491424122754,0.5245037708918179,100,OSD-37,Atha_Col-0_sl-pool_GC_Rep7_R2-GC-B1
23.669051474969432,0.5315220371250884,100,OSD-37,Atha_Col-0_sl-pool_GC_Rep8_R2-GC-B4
22.795210198265995,0.5231681282707352,100,OSD-38,Atha_WT-Col-0_sl_FLT_Rep1_G1S1
23.026031403715667,0.525616052569891,100,OSD-38,Atha_WT-Col-0_sl_FLT_Rep2_G1S2
23.00135107585554,0.497470161016774,100,OSD-38,Atha_WT-Col-0_sl_FLT_Rep3_G1S3
23.65286380593145,0.5303043622023029,100,OSD-38,Atha_WT-Col-0_sl_GC_Rep1_G2S1
23.54583514664271,0.47363540652648295,100,OSD-38,Atha_WT-Col-0_sl_GC_Rep2_G2S2
23.535668804133394,0.4853702715948307,100,OSD-38,Atha_WT-Col-0_sl_GC_Rep3_G2S3
23.087556101980358,0.43127386539236023,100,OSD-38,Atha_WT-Col-0_sl_LN2_Rep1_n2-1
23.89278236880715,0.45116989801245766,100,OSD-38,Atha_WT-Col-0_sl_LN2_Rep2_n2-2
23.67651141934678,0.4707856425656909,100,OSD-38,Atha_WT-Col-0_sl_LN2_Rep3_n2-3
23.36097877517608,0.48164029433034483,100,OSD-38,Atha_WT-Col-0_sl_RNAlat_Rep1_rl1
23.09337481545996,0.5131382268632938,100,OSD-38,Atha_WT-Col-0_sl_RNAlat_Rep2_rl2
23.298187820297574,0.46847052014642043,100,OSD-38,Atha_WT-Col-0_sl_RNAlat_Rep3_rl3
1.1426104864689144,0.6493389156559162,92,OSD-44,Atha_Col-0_wo_WT_GC_Rep1
1.3754735177791237,0.6419735004955354,92,OSD-44,Atha_Col-0_wo_WT_GC_Rep2
1.3534044020635287,0.6426723096458455,92,OSD-44,Atha_Col-0_wo_WT_GC_Rep3
1.0572478874657005,0.6589076024907727,92,OSD-44,Atha_Col-0_wo_WT_FLT_Rep1
1.3963400075079029,0.6388400964227898,92,OSD-44,Atha_Col-0_wo_WT_FLT_Rep2
1.1276182210194674,0.6562960073688926,92,OSD-44,Atha_Col-0_wo_WT_FLT_Rep3
1.3508505519195684,0.6358691316868786,92,OSD-44,Atha_Col-0_wo_act2-3_GC_Rep1
1.3475443031438166,0.6438431331873007,92,OSD-44,Atha_Col-0_wo_act2-3_GC_Rep2
1.4509995637225384,0.6339521762097566,92,OSD-44,Atha_Col-0_wo_act2-3_GC_Rep3
1.3837285851705086,0.6478343522374357,92,OSD-44,Atha_Col-0_wo_act2-3_FLT_Rep1
1.470531960798207,0.6479354830319539,92,OSD-44,Atha_Col-0_wo_act2-3_FLT_Rep2
1.3758365781139603,0.6575975969328134,92,OSD-44,Atha_Col-0_wo_act2-3_FLT_Rep3
1.8353967015844885,0.6272876701526005,92,OSD-46,GSM1506014_1
1.6066621280340516,0.6308911160664386,92,OSD-46,GSM1506015_1
1.124098993541945,0.6948273965678118,92,OSD-46,GSM1506016_1
2.0732206701636486,0.631479718023102,92,OSD-46,GSM1506017_1
0.5406046596358782,0.7803335030719252,92,OSD-46,GSM1506018_1
0.5551406014403569,0.7849106555384775,92,OSD-46,GSM1506019_1
0.08616362705971387,0.7005735536906283,92,OSD-46,GSM1506020_1
23.907683072236708,0.7327227351801391,92,OSD-46,GSM1506021_1
1.738267328792573,0.6316991100518629,92,OSD-46,GSM1506022_1
1.8678631500229401,0.640385511701641,92,OSD-46,GSM1506023_1
2.1976140518075766,0.739197891554081,92,OSD-46,GSM1506024_1
2.5922086050255326,0.7451669156668672,92,OSD-46,GSM1506025_1
2.264619166223973,0.7381933606085628,92,OSD-46,GSM1506026_1
2.2546885571503616,0.7217601228898821,92,OSD-46,GSM1506027_1
0.8869774393346794,0.7162316921097474,92,OSD-46,GSM1506028_1
1.1009411921217538,0.7243444532192302,92,OSD-46,GSM1506029_1
0.5003088223469497,0.713765214484011,92,OSD-46,GSM1506030_1
0.48846034686233486,0.6956824089212037,92,OSD-46,GSM1506031_1
1.6326294778607795,0.7404929037664889,92,OSD-46,GSM1506032_1
1.476556129480707,0.7281626000390374,92,OSD-46,GSM1506033_1
2.0462015528464406,0.6678800565596839,92,OSD-46,GSM1506034_1
2.162950968655785,0.6631614435410695,92,OSD-46,GSM1506035_1
0.7975222782429765,0.7385440711648753,92,OSD-46,GSM1506036_1
0.4028394255808041,0.7507291482057764,92,OSD-46,GSM1506037_1
0.5157479376945259,0.7406414149905357,92,OSD-46,GSM1506038_1
0.3695354040321038,0.7329647750064023,92,OSD-46,GSM1506039_1
2.126119470425033,0.6257428536035524,92,OSD-46,GSM1506040_1
1.955569209322075,0.6495314730099553,92,OSD-46,GSM1506041_1
2.190563105757449,0.7272640872018927,92,OSD-46,GSM1506042_1
2.092543415506835,0.7334467518314058,92,OSD-46,GSM1506043_1
1.4598105435280306,0.7182414683946776,92,OSD-46,GSM1506044_1
0.9045804623175466,0.7203186587178054,92,OSD-46,GSM1506045_1
0.7191991298330067,0.7068026814626345,92,OSD-46,GSM1506046_1
0.21640413888100032,0.7096856677267458,92,OSD-46,GSM1506047_1
1.8450763994658403,0.68090116292429,92,OSD-46,GSM1506048_1
1.9135582572537628,0.7170817759423205,92,OSD-46,GSM1506049_1
1.9370887092842564,0.684409628869902,92,OSD-46,GSM1506050_1
1.9797845753519678,0.7040719004705519,92,OSD-46,GSM1506051_1
1.614193041406975,0.720591946236662,92,OSD-46,GSM1506052_1
1.3963350937961343,0.735978390976582,92,OSD-46,GSM1506053_1
1.8948841586135936,0.6716089977163414,92,OSD-46,GSM1506054_1
1.6017499697980322,0.6927551855358514,92,OSD-46,GSM1506055_1
1.686099097964079,0.7126847401797229,92,OSD-46,GSM1506056_1
1.7046292242845724,0.7110490795395001,92,OSD-46,GSM1506057_1
22.775209775719578,0.4790467311945352,100,OSD-120,Atha_Col-0_root_GC_Alight_Rep1_GSM2493759_Day13
22.655771334430305,0.5613535394244521,100,OSD-120,Atha_Col-0_root_GC_Alight_Rep2_GSM2493760_Day13
22.439370511746922,0.5188035910754034,100,OSD-120,Atha_Ws_root_GC_Alight_Rep1_GSM2493762_Day13
22.52501188441731,0.5507969163341322,100,OSD-120,Atha_Ws_root_GC_Alight_Rep2_GSM2493763_Day13
22.951052414013123,0.5048960832008336,100,OSD-120,Atha_Ws_root_GC_Alight_Rep3_GSM2493764_Day13
21.481436912670528,0.513486490870853,100,OSD-120,Atha_Col-0-PhyD_root_GC_Alight_Rep1_GSM2493765_Day13
23.000907000823393,0.5474842736942862,100,OSD-120,Atha_Col-0-PhyD_root_GC_Alight_Rep2_GSM2493766_Day13
23.010234005366467,0.48730098898927854,100,OSD-120,Atha_Col-0-PhyD_root_GC_Alight_Rep3_GSM2493767_Day13
22.30766735180812,0.47922485002351767,100,OSD-120,Atha_Col-0_root_GC_dark_Rep1_GSM2493768_Day13
21.758669119116913,0.5408226541884033,100,OSD-120,Atha_Col-0_root_GC_dark_Rep2_GSM2493769_Day13
22.26561893190336,0.4722083656638194,100,OSD-120,Atha_Col-0_root_GC_dark_Rep3_GSM2493770_Day13
21.777138503436213,0.5402397373759533,100,OSD-120,Atha_Ws_root_GC_dark_Rep1_GSM2493771_Day13
22.070699665197306,0.5307511691536113,100,OSD-120,Atha_Ws_root_GC_dark_Rep2_GSM2493772_Day13
21.64400385590427,0.5452026275889188,100,OSD-120,Atha_Ws_root_GC_dark_Rep3_GSM2493773_Day13
22.385552169836735,0.468392070764875,100,OSD-120,Atha_Col-0-PhyD_root_GC_dark_Rep1_GSM2493774_Day13
21.948182592737908,0.5200267490632389,100,OSD-120,Atha_Col-0-PhyD_root_GC_dark_Rep2_GSM2493775_Day13
21.900181739847056,0.48406160293741274,100,OSD-120,Atha_Col-0-PhyD_root_GC_dark_Rep3_GSM2493776_Day13
22.551852637986656,0.5923364869560752,100,OSD-120,Atha_Col-0_root_FLT_Alight_Rep1_GSM2493777_Day13
22.783678560306925,0.5597498891974141,100,OSD-120,Atha_Col-0_root_FLT_Alight_Rep2_GSM2493778_Day13
22.315935870360608,0.6370228890131433,100,OSD-120,Atha_Col-0_root_FLT_Alight_Rep3_GSM2493779_Day13
22.54537560923643,0.6205228533854313,100,OSD-120,Atha_Ws_root_FLT_Alight_Rep1_GSM2493780_Day13
21.73453837366131,0.7550748478129914,100,OSD-120,Atha_Ws_root_FLT_Alight_Rep2_GSM2493781_Day13
22.275262507827854,0.6272198780158551,100,OSD-120,Atha_Ws_root_FLT_Alight_Rep3_GSM2493782_Day13
22.33095809031503,0.6107995807358704,100,OSD-120,Atha_Col-0-PhyD_root_FLT_Alight_Rep1_GSM2493783_Day13
21.774584253911247,0.6740223470204819,100,OSD-120,Atha_Col-0-PhyD_root_FLT_Alight_Rep2_GSM2493784_Day13
22.151362907522685,0.5786767364738553,100,OSD-120,Atha_Col-0-PhyD_root_FLT_Alight_Rep3_GSM2493785_Day13
22.668751411805474,0.6018756125898046,100,OSD-120,Atha_Col-0_root_FLT_dark_Rep1_GSM2493786_Day13
22.097347606079495,0.5029440642170178,100,OSD-120,Atha_Col-0_root_FLT_dark_Rep2_GSM2493787_Day13
21.585748107889607,0.6704331825005604,100,OSD-120,Atha_Col-0_root_FLT_dark_Rep3_GSM2493788_Day13
21.871534883533837,0.5085068508123554,100,OSD-120,Atha_Ws_root_FLT_dark_Rep1_GSM2493789_Day13
21.892533966495854,0.5379319871974735,100,OSD-120,Atha_Ws_root_FLT_dark_Rep2_GSM2493790_Day13
21.984291610976136,0.5036000348372238,100,OSD-120,Atha_Ws_root_FLT_dark_Rep3_GSM2493791_Day13
22.05904386770419,0.5367359595677177,100,OSD-120,Atha_Col-0-PhyD_root_FLT_dark_Rep1_GSM2493792_Day13
21.775477634501904,0.5590099528685628,100,OSD-120,Atha_Col-0-PhyD_root_FLT_dark_Rep2_GSM2493793_Day13
22.498029774652956,0.5511022959100891,100,OSD-120,Atha_Col-0-PhyD_root_FLT_dark_Rep3_GSM2493794_Day13
22.418113139894338,0.5088777195822216,100,OSD-120,Atha_Col-0_root_GC_Alight_Rep3_GSM2493761_Day13
0.32068065256114825,0.5871418062616173,92,OSD-121,Atha_Ler-0_sShoots_FLT_Rep1
0.2947997025243828,0.5914894817601928,92,OSD-121,Atha_Ler-0_sShoots_FLT_Rep2
0.40723981200331116,0.5803132354695648,92,OSD-121,Atha_Ler-0_sShoots_FLT_Rep3
0.28642613932530614,0.5787128703793706,92,OSD-121,Atha_Ler-0_sShoots_GC_Rep1
0.49286702664770976,0.5952515817807009,92,OSD-121,Atha_Ler-0_sShoots_GC_Rep2
0.6023393822373898,0.5902009966532977,92,OSD-121,Atha_Ler-0_sShoots_GC_Rep3
0.8801144666016446,0.6134243750421786,92,OSD-136,Atha_Ws-0_root_97kPa_CTRL_Rep1
0.8029324966693399,0.6074012479984098,92,OSD-136,Atha_Ws-0_root_97kPa_CTRL_Rep2
0.808071188337151,0.6206690639702828,92,OSD-136,Atha_Ws-0_root_97kPa_CTRL_Rep3
0.8631620280128413,0.6147867372823704,92,OSD-136,Atha_Ws-0_root_50kPa_notsuppO2_Rep1
0.8155203705234338,0.6208582183111995,92,OSD-136,Atha_Ws-0_root_50kPa_notsuppO2_Rep2
0.8880181852555968,0.6168991275791411,92,OSD-136,Atha_Ws-0_root_50kPa_notsuppO2_Rep3
0.9151353100941808,0.6042273180387525,92,OSD-136,Atha_Ws-0_root_50kPa_suppO2_Rep1
0.801295376499793,0.6244386274260934,92,OSD-136,Atha_Ws-0_root_50kPa_suppO2_Rep2
0.8969367938545146,0.6099164912964302,92,OSD-136,Atha_Ws-0_root_50kPa_suppO2_Rep3
0.9631591590671236,0.6043922305432681,92,OSD-147,Atha_Col-0_HypocotylCC_ARG1-KO_FLT_Rep1
0.9812558467493535,0.6175887161555906,92,OSD-147,Atha_Col-0_HypocotylCC_ARG1-KO_FLT_Rep2
0.8830935028510402,0.6072485802052641,92,OSD-147,Atha_Col-0_HypocotylCC_ARG1-KO_FLT_Rep3
0.954214268057436,0.6113594992561244,92,OSD-147,Atha_Col-0_HypocotylCC_ARG1-KO_FLT_Rep4
0.9228534292524037,0.6088208701442489,92,OSD-147,Atha_Col-0_HypocotylCC_ARG1-KO_GC_Rep1
0.9338977056497009,0.5983184828928709,92,OSD-147,Atha_Col-0_HypocotylCC_ARG1-KO_GC_Rep2
0.9062729648296457,0.6048309727204092,92,OSD-147,Atha_Col-0_HypocotylCC_ARG1-KO_GC_Rep3
1.0123964501853764,0.6002805959557158,92,OSD-147,Atha_Col-0_HypocotylCC_ARG1-KO_GC_Rep4
0.8005174357007716,0.6119216894922453,92,OSD-147,Atha_Col-0_HypocotylCC_WT_FLT_Rep1
1.0038438470034519,0.5906010236460064,92,OSD-147,Atha_Col-0_HypocotylCC_WT_FLT_Rep2
0.9047679069286255,0.5885632395878161,92,OSD-147,Atha_Col-0_HypocotylCC_WT_FLT_Rep3
0.9552117401048713,0.5933625237651245,92,OSD-147,Atha_Col-0_HypocotylCC_WT_FLT_Rep4
0.9240695002464138,0.5950580787767924,92,OSD-147,Atha_Col-0_HypocotylCC_WT_FLT_Rep5
1.116160367849551,0.5822064794294053,92,OSD-147,Atha_Col-0_HypocotylCC_WT_GC_Rep1
0.8832275294976452,0.5931234814030181,92,OSD-147,Atha_Col-0_HypocotylCC_WT_GC_Rep2
0.9356437998654503,0.595560156977512,92,OSD-147,Atha_Col-0_HypocotylCC_WT_GC_Rep3
1.139316988081504,0.580831499122434,92,OSD-147,Atha_Col-0_HypocotylCC_WT_GC_Rep4
1.1042963528686105,0.5829184053110055,92,OSD-147,Atha_Col-0_HypocotylCC_WT_GC_Rep5
22.615333665808294,0.4161325947184308,100,OSD-193,GSM2516735
22.468528714810873,0.4807663931464383,100,OSD-193,GSM2516736
22.580147954630352,0.42719684690555704,100,OSD-193,GSM2516737
22.74377225905034,0.44529903659449943,100,OSD-193,GSM2516738
22.26347478825677,0.47781415953605344,100,OSD-193,GSM2516739
22.458680067328913,0.45726262091120673,100,OSD-193,GSM2516740
22.32218192460686,0.43396211954417496,100,OSD-193,GSM2516741
22.316569989834935,0.46747756728778234,100,OSD-193,GSM2516742
22.409791045737272,0.48347133923664176,100,OSD-193,GSM2516743
22.606963755321328,0.5381518663717271,100,OSD-193,GSM2516744
22.704850488460927,0.49316684239349107,100,OSD-193,GSM2516745
22.582260702800582,0.46019540104400425,100,OSD-193,GSM2516746
21.940870585025234,0.5383818189864931,100,OSD-193,GSM2516747
22.257733252772212,0.503243485444284,100,OSD-193,GSM2516748
22.527377647188533,0.48048139484299357,100,OSD-193,GSM2516749
22.14875299208167,0.46091482997270783,100,OSD-193,GSM2516750
22.50674787613335,0.46267783746985247,100,OSD-193,GSM2516751
22.319021817148,0.45698275157713664,100,OSD-193,GSM2516752
22.269265096672235,0.5067621342737025,100,OSD-193,GSM2516753
22.493205989388493,0.4417924614300949,100,OSD-193,GSM2516754
22.392806089855757,0.4479554467346607,100,OSD-193,GSM2516755
22.244282820328085,0.45043533116221945,100,OSD-193,GSM2516756
22.341126381954407,0.46474955347549707,100,OSD-193,GSM2516757
22.335857359164862,0.4585808269359689,100,OSD-193,GSM2516758
22.330982272035886,0.44814199659786147,100,OSD-193,GSM2516759
22.450169547181606,0.45931238296626586,100,OSD-193,GSM2516760
22.38290856622923,0.4481171229314187,100,OSD-193,GSM2516761
22.078241095939465,0.4670830940050691,100,OSD-193,GSM2516762
21.85855581129256,0.49113337247483024,100,OSD-193,GSM2516763
22.24057016199171,0.47664487935969657,100,OSD-193,GSM2516764
21.994037186106304,0.46642731240779167,100,OSD-193,GSM2516765
22.10867308488006,0.4748873042200018,100,OSD-193,GSM2516766
0.8101174928464051,0.6068084366256385,92,OSD-205,Atha_Col-0_HypocotylCC_WT_FLT_Rep1
1.0006982875177952,0.5931153140450978,92,OSD-205,Atha_Col-0_HypocotylCC_WT_FLT_Rep2
0.9618418654097334,0.5920395953531941,92,OSD-205,Atha_Col-0_HypocotylCC_WT_FLT_Rep3
1.0106124798659089,0.5882445763067241,92,OSD-205,Atha_Col-0_HypocotylCC_WT_FLT_Rep4
0.9687450802880867,0.5933601777559369,92,OSD-205,Atha_Col-0_HypocotylCC_WT_FLT_Rep5
1.0879066451135881,0.5846521266359495,92,OSD-205,Atha_Col-0_HypocotylCC_WT_GC_Rep1
0.8431339621977042,0.5919730180124048,92,OSD-205,Atha_Col-0_HypocotylCC_WT_GC_Rep2
0.9301410374058376,0.589872395306928,92,OSD-205,Atha_Col-0_HypocotylCC_WT_GC_Rep3
1.1023590483836487,0.5804785070190388,92,OSD-205,Atha_Col-0_HypocotylCC_WT_GC_Rep4
1.0701110434621408,0.584933458249425,92,OSD-205,Atha_Col-0_HypocotylCC_WT_GC_Rep5
1.0448389016527702,0.5962175873328508,92,OSD-205,Atha_Col-0_HypocotylCC_HSFA2-KO_FLT_Rep1
0.9036186960384698,0.5850671471962501,92,OSD-205,Atha_Col-0_HypocotylCC_HSFA2-KO_FLT_Rep2
1.0547587212925524,0.5877657038986919,92,OSD-205,Atha_Col-0_HypocotylCC_HSFA2-KO_FLT_Rep3
0.9894894268619554,0.5845707256632228,92,OSD-205,Atha_Col-0_HypocotylCC_HSFA2-KO_GC_Rep1
1.0127402926001463,0.5917557353934235,92,OSD-205,Atha_Col-0_HypocotylCC_HSFA2-KO_GC_Rep2
1.0912022979469564,0.5871452424923711,92,OSD-205,Atha_Col-0_HypocotylCC_HSFA2-KO_GC_Rep3
23.12854048546142,0.4513730297715709,100,OSD-208,Atha_Col-0_Root_Zone-I_Rep1
22.39025422230216,0.43611160014104255,100,OSD-208,Atha_Col-0_Root_Zone-I_Rep2
22.6441866357409,0.4581866911253102,100,OSD-208,Atha_Col-0_Root_Zone-I_Rep3
23.364911291678872,0.3459622945702857,100,OSD-208,Atha_Col-0_Root_Zone-II_Rep1
23.437883723567598,0.3524074791498847,100,OSD-208,Atha_Col-0_Root_Zone-II_Rep2
23.549469301368124,0.4127151013062077,100,OSD-208,Atha_Col-0_Root_Zone-II_Rep3
22.791598883621713,0.4379748190420729,100,OSD-217,Atha_Ws_root_GC_Rep1
22.80187589519834,0.43465606739198726,100,OSD-217,Atha_Ws_root_GC_Rep2
22.805901580224266,0.43331973503297727,100,OSD-217,Atha_Ws_root_GC_Rep3
23.33133154400323,0.2541031240643755,100,OSD-217,Atha_Ws_root_FLT_Rep1
23.580477944823105,0.38738364125969216,100,OSD-217,Atha_Ws_root_FLT_Rep2
23.807713155999846,0.5034483060812774,100,OSD-217,Atha_Ws_root_FLT_Rep3
23.006852363361006,0.43083608675604756,100,OSD-217,Atha_Ws_leaf_GC_Rep1
22.8089433279919,0.44508978219042994,100,OSD-217,Atha_Ws_leaf_GC_Rep2
22.685016382596746,0.4485863554363362,100,OSD-217,Atha_Ws_leaf_GC_Rep3
21.87858018970534,0.4380207740298424,100,OSD-217,Atha_Ws_leaf_FLT_Rep1
23.191784555073934,0.38523175926727027,100,OSD-217,Atha_Ws_leaf_FLT_Rep2
23.01967312876969,0.363811054374061,100,OSD-217,Atha_Ws_leaf_FLT_Rep3
22.631418915634807,0.41675321352403083,100,OSD-218,SAMN06465201
22.475453910230428,0.48211535369862435,100,OSD-218,SAMN06465179
22.58028197394337,0.42748511326341854,100,OSD-218,SAMN06465197
22.75347720472509,0.4456954972765097,100,OSD-218,SAMN06465194
22.256639037933404,0.4778917135904378,100,OSD-218,SAMN06465190
22.464083021035854,0.45778962107425036,100,OSD-218,SAMN06465187
22.3319718980249,0.4350910498770091,100,OSD-218,SAMN06465183
22.32803518074561,0.46971661915518004,100,OSD-218,SAMN06465181
22.40254333351346,0.4976056708393667,100,OSD-218,SAMN06465177
22.189143511857562,0.43865551025427385,100,OSD-218,SAMN06465174
22.197333964870857,0.46533241897666733,100,OSD-218,SAMN06465172
22.67769900310367,0.47226832973774013,100,OSD-218,SAMN06465170
22.104779436775274,0.5010738198323186,100,OSD-218,SAMN06465168
22.189162401380447,0.4331721667110686,100,OSD-218,SAMN06465165
22.07096635676727,0.453822832838754,100,OSD-218,SAMN06465163
22.10994921482503,0.49248709303173355,100,OSD-218,SAMN06465160
22.501365262161944,0.46418006960989633,100,OSD-218,SAMN06465157
22.318889316420325,0.4577989899768673,100,OSD-218,SAMN06465155
22.257244292624655,0.507906257760093,100,OSD-218,SAMN06465152
22.495448841646517,0.44246819293585804,100,OSD-218,SAMN06465150
22.398853161031987,0.44770929507580637,100,OSD-218,SAMN06465148
22.250011455072833,0.4514242372000373,100,OSD-218,SAMN06465146
22.33201017100461,0.46555019512265483,100,OSD-218,SAMN06465144
22.340806135473734,0.459676597174252,100,OSD-218,SAMN06465142
22.01543382505311,0.5287489311757321,100,OSD-218,SAMN06465276
22.170278931827646,0.5155461973501292,100,OSD-218,SAMN06465275
22.208072355237373,0.5285188758327124,100,OSD-218,SAMN06465273
22.265348997970893,0.5454118157089578,100,OSD-218,SAMN06465272
22.32532238957293,0.4766782086787148,100,OSD-218,SAMN06465270
22.350654312712074,0.49805307459196146,100,OSD-218,SAMN06465269
22.25120368166817,0.48081154495239686,100,OSD-218,SAMN06465268
22.22286864446324,0.48606791109207115,100,OSD-218,SAMN06465267
22.393550669179163,0.42667242132793415,100,OSD-251,Atha_Ler-0_sl_FLT_uG_Rep1
22.186077139019545,0.46366872907170775,100,OSD-251,Atha_Ler-0_sl_FLT_uG_Rep2
22.59450609447556,0.4691486724482219,100,OSD-251,Atha_Ler-0_sl_FLT_uG_Rep3
22.382419654379476,0.4008391664282658,100,OSD-251,Atha_Ler-0_sl_FLT_uG_Rep4
22.265268517976327,0.3471121640031758,100,OSD-251,Atha_Ler-0_sl_FLT_0.09G_Rep1
22.471188946272346,0.4103653099939716,100,OSD-251,Atha_Ler-0_sl_FLT_0.09G_Rep2
22.22582673598531,0.4080959803052844,100,OSD-251,Atha_Ler-0_sl_FLT_0.09G_Rep3
22.41632918090027,0.4426147432662555,100,OSD-251,Atha_Ler-0_sl_FLT_0.18G_Rep1
22.552710477493456,0.4208778241994289,100,OSD-251,Atha_Ler-0_sl_FLT_0.18G_Rep2
22.595017898733726,0.46133388210802106,100,OSD-251,Atha_Ler-0_sl_FLT_0.18G_Rep3
22.612742889944215,0.5022991741300665,100,OSD-251,Atha_Ler-0_sl_FLT_0.36G_Rep1
22.79212245771268,0.45760826107602204,100,OSD-251,Atha_Ler-0_sl_FLT_0.36G_Rep2
22.18329074338015,0.3894059033029268,100,OSD-251,Atha_Ler-0_sl_FLT_0.36G_Rep3
22.174903495251254,0.5157214535300146,100,OSD-251,Atha_Ler-0_sl_FLT_0.57G_Rep1
22.901301797021688,0.5225126234887543,100,OSD-251,Atha_Ler-0_sl_FLT_0.57G_Rep2
22.93854125497286,0.4093460496379274,100,OSD-251,Atha_Ler-0_sl_FLT_0.57G_Rep3
22.348778516861525,0.4112591164411926,100,OSD-251,Atha_Ler-0_sl_FLT_0.57G_Rep4
22.295108079122183,0.4455312334794538,100,OSD-251,Atha_Ler-0_sl_FLT_1G_Rep1
22.909802616490698,0.5262095050023384,100,OSD-251,Atha_Ler-0_sl_FLT_1G_Rep2
22.16973198524298,0.4035528491046819,100,OSD-251,Atha_Ler-0_sl_FLT_1G_Rep3
22.78521426548676,0.5718155016722137,100,OSD-281,SAMN06468844
22.65940077303848,0.5056855003186119,100,OSD-281,SAMN06468842
22.678579029041657,0.5198032828765334,100,OSD-281,SAMN06468840
22.580386348696287,0.5108442334718983,100,OSD-281,SAMN06468841
22.153836176308904,0.5215316115679671,100,OSD-281,SAMN06468834
21.970363053968626,0.5054610832930078,100,OSD-281,SAMN06468837
21.84777845628597,0.515928571106778,100,OSD-281,SAMN06468831
21.76942228187231,0.5059986931219121,100,OSD-281,SAMN06468839
22.396399242298134,0.49919831493250166,100,OSD-281,SAMN06468838
22.18694103478584,0.43731263800418463,100,OSD-281,SAMN06468828
22.202897531774404,0.4697935232341668,100,OSD-281,SAMN06468836
22.691184170655816,0.4737052444297699,100,OSD-281,SAMN06468835
22.092239487850716,0.5029088742347734,100,OSD-281,SAMN06468833
22.20191207629991,0.43596059197498416,100,OSD-281,SAMN06468832
22.07739885814277,0.4527320740429893,100,OSD-281,SAMN06468830
22.12084656830801,0.49574847562646884,100,OSD-281,SAMN06468829
22.03099183988025,0.5277966328763403,100,OSD-281,SAMN06468827
22.197982042217316,0.5073054500284437,100,OSD-281,SAMN06468825
22.17462063828776,0.4898583771623767,100,OSD-281,SAMN06468826
22.396214365895172,0.515709354063839,100,OSD-281,SAMN06468823
22.423540499489757,0.458240663327555,100,OSD-281,SAMN06468824
22.560430877082794,0.4810356303301143,100,OSD-281,SAMN06468822
22.169278694846913,0.4795397092516779,100,OSD-281,SAMN06468820
22.348760042535154,0.5113699955504394,100,OSD-281,SAMN06468819
22.003196046987615,0.5272818353387214,100,OSD-281,SAMN06468818
22.166420031686943,0.5150706515639039,100,OSD-281,SAMN06468821
22.20825795552134,0.5284374801144882,100,OSD-281,SAMN06468817
22.266925161872244,0.5476536801507739,100,OSD-281,SAMN06468816
22.35660401053647,0.4780036702067332,100,OSD-281,SAMN06468814
22.349543991302188,0.4974449780593809,100,OSD-281,SAMN06468815
22.232972597245247,0.4833479029918566,100,OSD-281,SAMN06468813
22.23517960033498,0.48782599047491804,100,OSD-281,SAMN06468812
23.160840132554053,0.3523441028213765,100,OSD-314,21H5_WT_RED_Col0_1g_Rep1
22.96312231982607,0.3070295042864978,100,OSD-314,22A6_WT_RED_Col0_1g_Rep2
22.974722426510812,0.3103538499369938,100,OSD-314,23B6_WT_RED_Col0_1g_Rep3
23.80966578671166,0.4044579120770476,100,OSD-314,30H7_WT_DARK_Col0_1g_Rep1
23.722131361831426,0.41152987944549924,100,OSD-314,31A8_WT_DARK_Col0_1g_Rep2
23.630897672125247,0.4090113769304021,100,OSD-314,32B8_WT_DARK_Col0_1g_Rep3
23.520518256855038,0.4038782962424944,100,OSD-314,05G4_WT_RED_Col0_03g_Rep1
23.654317282745136,0.4144975328702377,100,OSD-314,06H4_WT_RED_Col0_03g_Rep2
23.33236260382625,0.39650855430305243,100,OSD-314,07A5_WT_RED_Col0_03g_Rep3
23.53133978227768,0.5547022619258768,100,OSD-314,13I4_WT_DARK_Col0_03g_Rep1
23.789811764966796,0.5454460076927641,100,OSD-314,14J4_WT_DARK_Col0_03g_Rep2
23.606841173454278,0.5287398637376516,100,OSD-314,15A7_WT_DARK_Col0_03g_Rep3
23.367162138742703,0.412780068796309,100,OSD-314,JBA1_WT_DARK_Col0_0g_Rep1
23.41866275604839,0.4335876070796548,100,OSD-314,JBB1_WT_DARK_Col0_0g_Rep2
23.555633897092424,0.353889697108665,100,OSD-314,JBH2_WT_RED_Col0_0g_Rep1
23.45039256873398,0.3507993479715854,100,OSD-314,JBA3_WT_RED_Col0_0g_Rep2
23.42141407866125,0.3191836746222486,100,OSD-314,JBB3_WT_RED_Col0_0g_Rep3
22.552795884851673,0.46239272725157865,100,OSD-321,GSM4486031
22.91831019212725,0.43060379333851206,100,OSD-321,GSM4486032
22.833762703212432,0.46126601650909105,100,OSD-321,GSM4486033
22.951744602212614,0.4388813606460865,100,OSD-321,GSM4486034
23.39864337524233,0.48962700205616194,100,OSD-321,GSM4486035
23.29663916659015,0.5327279647117098,100,OSD-321,GSM4486036
23.27258269582286,0.5402625164146839,100,OSD-321,GSM4486037
23.327988760377806,0.5510163632541889,100,OSD-321,GSM4486038
22.863807313588516,0.46483647984967313,100,OSD-321,GSM4486039
22.620828722811417,0.4427107253932677,100,OSD-321,GSM4486040
22.890952711765674,0.4731177896295864,100,OSD-321,GSM4486041
22.664137087304074,0.4898133320541811,100,OSD-321,GSM4486042
23.106511793946076,0.5285582305248112,100,OSD-321,GSM4486043
22.957457711842363,0.5625329005046482,100,OSD-321,GSM4486044
23.171491221866688,0.5295060860071057,100,OSD-321,GSM4486045
23.295370865543543,0.48887999416895633,100,OSD-321,GSM4486046
22.767457817670103,0.4769649550419237,100,OSD-321,GSM4486047
22.91322551520806,0.48159923883129574,100,OSD-321,GSM4486048
22.746270737132708,0.4622841085901861,100,OSD-321,GSM4486049
22.855403338277643,0.4601168454307436,100,OSD-321,GSM4486050
22.772254338597918,0.4428317993563343,100,OSD-321,GSM4486051
23.123409319187264,0.5088213783701447,100,OSD-321,GSM4486052
23.127527143068793,0.5129989969474575,100,OSD-321,GSM4486053
23.200217200674615,0.527393112318518,100,OSD-321,GSM4486054
23.18574767435926,0.5212910799719235,100,OSD-321,GSM4486055
23.277427782253532,0.5508607511104582,100,OSD-321,GSM4486056
22.780996861208664,0.5127213853804666,100,OSD-321,GSM4486057
22.77881074843494,0.4594578675946761,100,OSD-321,GSM4486058
22.734829170461886,0.4713649963013474,100,OSD-321,GSM4486059
22.80786826666751,0.4881365532260542,100,OSD-321,GSM4486060
22.9709197585833,0.5087773157669431,100,OSD-321,GSM4486061
23.465933184714586,0.5397879486269552,100,OSD-321,GSM4486062
23.05498099908464,0.5290341272092702,100,OSD-321,GSM4486063
23.382573907096514,0.5478247873072579,100,OSD-321,GSM4486064
22.86241462748967,0.45661066087624613,100,OSD-321,GSM4486065
22.89283368191289,0.45994477613876483,100,OSD-321,GSM4486066
22.67281253009571,0.45587702126774865,100,OSD-321,GSM4486067
22.870867520762037,0.4404372266430995,100,OSD-321,GSM4486068
22.77275311838281,0.45036697164535755,100,OSD-321,GSM4486069
23.168356114159522,0.5436030610842018,100,OSD-321,GSM4486070
23.34041460467904,0.5307728941519704,100,OSD-321,GSM4486071
23.150233821423587,0.5057552014282956,100,OSD-321,GSM4486072
23.204210106706284,0.5101849223335986,100,OSD-321,GSM4486073
23.495937212426554,0.5553913827328176,100,OSD-321,GSM4486074
22.91344112126983,0.44192473167587754,100,OSD-346,Athaliana_PhyA_Sample_112_0G
22.908157022653636,0.4663053078596995,100,OSD-346,Athaliana_PhyA_Sample_115_0G
22.444222434137586,0.33703245838595686,100,OSD-346,Athaliana_PhyA_Sample_132_0-08G
22.5817569442112,0.34220955621793525,100,OSD-346,Athaliana_PhyA_Sample_134_0-11G
22.419666216649095,0.46217745577859537,100,OSD-346,Athaliana_PhyA_Sample_152_0-25G
22.537811201524587,0.45848579241982235,100,OSD-346,Athaliana_PhyA_Sample_155_0-39G
23.252597617873956,0.46145763894400293,100,OSD-346,Athaliana_PhyA_Sample_212_0-42G
22.625917203834035,0.5171491811528439,100,OSD-346,Athaliana_PhyA_Sample_172_0-64G
22.345952678567034,0.4785650256304431,100,OSD-346,Athaliana_PhyA_Sample_215_0-65G
22.265433245299953,0.45239585313423514,100,OSD-346,Athaliana_PhyA_Sample_232_0-68G
22.359513875411974,0.46199715451705936,100,OSD-346,Athaliana_PhyA_Sample_174_0-88G
21.848402406794605,0.4360238856920824,100,OSD-346,Athaliana_PhyA_Sample_234_0-92G
22.845508627227115,0.35787010041413125,100,OSD-346,Athaliana_PhyA_Sample_117_0G
22.750843982171485,0.3541771813639927,100,OSD-346,Athaliana_PhyA_Sample_119_0G
22.702880668026264,0.39413509132361213,100,OSD-346,Athaliana_PhyA_Sample_137_0-08G
22.45180555852752,0.43799071855421867,100,OSD-346,Athaliana_PhyA_Sample_140_0-13G
22.999240095167238,0.5091774297416911,100,OSD-346,Athaliana_PhyA_Sample_157_0-25G
22.674706683114238,0.5246693043577377,100,OSD-346,Athaliana_PhyA_Sample_159_0-34G
23.2765404975754,0.45795732179514625,100,OSD-346,Athaliana_PhyA_Sample_217_0-42G
22.459525755468494,0.34651567291361796,100,OSD-346,Athaliana_PhyA_Sample_219_0-58G
22.725455329139894,0.5213184302032041,100,OSD-346,Athaliana_PhyA_Sample_177_0-64G
22.275038516353014,0.42042034927760685,100,OSD-346,Athaliana_PhyA_Sample_237_0-68G
23.504928954505917,0.6280426749426857,100,OSD-346,Athaliana_PhyA_Sample_180_1G
22.36535141627831,0.46921044320346283,100,OSD-346,Athaliana_PhyA_Sample_240_1-05G
23.378307847411403,0.31175500493085007,100,OSD-346,Athaliana_PhyB_Sample_113_0G
23.175102736868705,0.3290383505896487,100,OSD-346,Athaliana_PhyB_Sample_133_0-1G
22.768736536162624,0.46028214268796674,100,OSD-346,Athaliana_PhyB_Sample_153_0-3G
23.338457750690125,0.4110070057055796,100,OSD-346,Athaliana_PhyB_Sample_213_0-5G
23.33814542857477,0.4654324224194599,100,OSD-346,Athaliana_PhyB_Sample_173_0-76G
22.890089377675388,0.41870572777028703,100,OSD-346,Athaliana_PhyB_Sample_233_0-8G
22.86202909759466,0.3394545229187199,100,OSD-346,Athaliana_PhyB_Sample_118_0G
23.428226640497215,0.3768489363103277,100,OSD-346,Athaliana_PhyB_Sample_138_0-1G
22.700675809210296,0.5162131614571603,100,OSD-346,Athaliana_PhyB_Sample_158_0-3G
22.450946630665843,0.4043968644739335,100,OSD-346,Athaliana_PhyB_Sample_218_0-5G
23.158851478314737,0.44032573890360094,100,OSD-346,Athaliana_PhyB_Sample_178_0-76G
22.856432150302748,0.45172616986003533,100,OSD-346,Athaliana_PhyB_Sample_238_0-8G
0.3865913196884174,0.4530495133878617,100,OSD-427,GSM3331071
23.810065793743245,0.47843729907396826,100,OSD-427,GSM3331072
23.763591111761357,0.5536741456193112,100,OSD-427,GSM3331073
23.800972089341077,0.5231423263265873,100,OSD-427,GSM3331074
22.988511910856293,0.4131144462436853,100,OSD-427,GSM3331075
23.15170956169946,0.41286311174044765,100,OSD-427,GSM3331076
23.094595060094917,0.4112290561815608,100,OSD-427,GSM3331077
23.105756635510698,0.41273793787457314,100,OSD-427,GSM3331078
22.97466742056653,0.4697333163658475,100,OSD-427,GSM3331079
23.37920670616918,0.36543159044787576,100,OSD-427,GSM3331080
23.56026676486312,0.4190660822249487,100,OSD-427,GSM3331081
23.992154722035934,0.5248075441094903,100,OSD-427,GSM3331082
23.04504790639696,0.41584151606985686,100,OSD-427,GSM3331083
22.960708786737467,0.41955154877398493,100,OSD-427,GSM3331084
23.070277382369905,0.41826742052117905,100,OSD-427,GSM3331085
23.04207706809788,0.42126250510208063,100,OSD-427,GSM3331086
23.332344206646646,0.4922537302522526,100,OSD-427,GSM3331087
22.579608410227266,0.47664479722847886,100,OSD-427,GSM3331088
22.4345231533537,0.47397346247517347,100,OSD-427,GSM3331089
22.793830088742475,0.46473210870656645,100,OSD-427,GSM3331090
22.81329551632982,0.40410473247766443,100,OSD-427,GSM3331091
22.862935631115132,0.41045405110180766,100,OSD-427,GSM3331092
22.86772905865416,0.4229810171639763,100,OSD-427,GSM3331093
22.789143105036487,0.413846109582119,100,OSD-427,GSM3331094
22.427246570663716,0.44101673464269553,100,OSD-427,GSM3331095
22.22427649947072,0.5272794306555975,100,OSD-427,GSM3331096
23.008119003426046,0.4465619286318657,100,OSD-427,GSM3331097
23.081095590501825,0.42377645809417364,100,OSD-427,GSM3331098
22.872719278514964,0.40714918153564317,100,OSD-427,GSM3331099
22.961152411377025,0.4221476147685794,100,OSD-427,GSM3331100
22.961190883766378,0.41174112905402194,100,OSD-427,GSM3331101
22.904368489839516,0.41220953391795134,100,OSD-427,GSM3331102
0.09933382252987526,0.4937809341160674,100,OSD-427,GSM3331103
0.1261769655661415,0.5000911823497656,100,OSD-427,GSM3331104
23.185311125844812,0.541582257054045,100,OSD-427,GSM3331105
23.95302181863409,0.4707602431787882,100,OSD-427,GSM3331106
23.20222859347517,0.4075759416421021,100,OSD-427,GSM3331107
23.28117114564107,0.42646636217901035,100,OSD-427,GSM3331108
23.183427866998283,0.40855706379749945,100,OSD-427,GSM3331109
23.15501086851258,0.4037227103230442,100,OSD-427,GSM3331110
23.126026828612666,0.364700878595003,100,OSD-427,GSM3331111
23.480483794032324,0.30684200777883197,100,OSD-427,GSM3331112
23.51047737025446,0.34425611845780135,100,OSD-427,GSM3331113
23.571925362263645,0.38931944197363577,100,OSD-427,GSM3331114
23.08662284749087,0.41056974572807914,100,OSD-427,GSM3331115
23.164916317427032,0.4193402423317557,100,OSD-427,GSM3331116
23.177548796702542,0.41722282728912186,100,OSD-427,GSM3331117
23.169973467542615,0.4194423365206824,100,OSD-427,GSM3331118
23.727259834776227,0.24328433460864085,100,OSD-437,A4_208
23.74955312605585,0.20287902240727862,100,OSD-437,A4_223
23.383489600757002,0.16921999437573032,100,OSD-437,A4_258
23.14782002220888,0.21446399983091047,100,OSD-437,A4Ex_248
23.738953762799678,0.16698755671144494,100,OSD-437,A6_203
23.671940550678393,0.17805413855825591,100,OSD-437,A6_213
23.032214470719097,0.18897539331134716,100,OSD-437,A6_253
23.040891560639952,0.1632506620413553,100,OSD-437,A6Ex_243
0.14752684589027126,0.1500064953696424,100,OSD-437,B4_237
0.12349633993558604,0.11217793934030851,100,OSD-437,B4_238
23.26220048440353,0.28406492447858,100,OSD-437,B4_269
23.91254020069849,0.2559009650045778,100,OSD-437,B4Ex_236
23.907119039183474,0.18107765746802473,100,OSD-437,B6_219
23.407595645366694,0.20221594254157949,100,OSD-437,B6_232
23.63396842180931,0.251182601680651,100,OSD-437,B6_233
23.87303587543771,0.26649979595317996,100,OSD-437,B6Ex_220
23.500945700022985,0.12516155837381093,100,OSD-437,G6_283
23.543760919822173,0.11737605237399629,100,OSD-437,G6_284
23.34565796613001,0.19589207210557236,100,OSD-437,G6_286
23.51466795267723,0.5149381468966258,100,OSD-678,Ground_control_Col-0_Dark_bio_rep1
4.583495883092765,0.5685347791814012,100,OSD-678,Ground_control_Ws_Light_bio_rep3
3.462216916193504,0.43670396160610736,100,OSD-678,Ground_control_Ws_Light_bio_rep2
3.223999236889819,0.4758618389229273,100,OSD-678,Ground_control_Ws_Light_bio_rep1
4.122041872842174,0.5641648319220953,100,OSD-678,Ground_control_phyD_Light_bio_rep3
3.3496694922295553,0.6088750669671293,100,OSD-678,Ground_control_phyD_Light_bio_rep2
22.884246127370034,0.5340715696668417,100,OSD-678,Flight_Ws_Dark_bio_rep3
22.793532309079616,0.5440486947735168,100,OSD-678,Flight_Ws_Dark_bio_rep2
22.925117831777175,0.5445888655337028,100,OSD-678,Flight_Ws_Dark_bio_rep1
23.228223120028336,0.5341639357265324,100,OSD-678,Flight_phyD_Dark_bio_rep3
23.386848031995918,0.5252932350905675,100,OSD-678,Flight_phyD_Dark_bio_rep2
23.410656508537095,0.5200583577857688,100,OSD-678,Flight_phyD_Dark_bio_rep1
3.3656051607784434,0.621164140174534,100,OSD-678,Ground_control_phyD_Light_bio_rep1
3.4289245264102988,0.6371501720698919,100,OSD-678,Flight_Col-0_Dark_bio_rep3
0.18326346671189817,0.6285062453700285,100,OSD-678,Flight_Col-0_Dark_bio_rep2
23.267229452609662,0.5693310216188889,100,OSD-678,Flight_Col-0_Dark_bio_rep1
3.4122482408791655,0.6278700335692675,100,OSD-678,Flight_Ws_Light_bio_rep3
2.6300182969801074,0.5565672247526978,100,OSD-678,Flight_Ws_Light_bio_rep2
2.800464341340879,0.5703862223868459,100,OSD-678,Flight_Ws_Light_bio_rep1
3.498661623198543,0.7160685094899044,100,OSD-678,Flight_phyD_Light_bio_rep3
2.933407058827149,0.573549679902726,100,OSD-678,Flight_phyD_Light_bio_rep2
2.8597149953322596,0.5689697015906813,100,OSD-678,Flight_phyD_Light_bio_rep1
0.13029373777243408,0.6353849254780434,100,OSD-678,Flight_Col-0_Light_bio_rep3
3.3178666618596493,0.6032757550715029,100,OSD-678,Ground_control_Col-0_Light_bio_rep3
2.643656974219348,0.5875082556480422,100,OSD-678,Flight_Col-0_Light_bio_rep2
2.6689099241072496,0.5734597078510776,100,OSD-678,Flight_Col-0_Light_bio_rep1
23.366368742355522,0.5206900926956353,100,OSD-678,Ground_control_Ws_Dark_bio_rep3
23.30851753813147,0.5224043211923075,100,OSD-678,Ground_control_Ws_Dark_bio_rep2
23.1601933616185,0.5000740703312354,100,OSD-678,Ground_control_Ws_Dark_bio_rep1
23.325685059077532,0.49583477556255695,100,OSD-678,Ground_control_phyD_Dark_bio_rep3
23.226453012177924,0.49560745156958785,100,OSD-678,Ground_control_phyD_Dark_bio_rep2
23.385237445639618,0.534532160589772,100,OSD-678,Ground_control_phyD_Dark_bio_rep1
23.448309637179808,0.504891309507864,100,OSD-678,Ground_control_Col-0_Dark_bio_rep3
23.66865374605502,0.47019188478508456,100,OSD-678,Ground_control_Col-0_Dark_bio_rep2
2.872123930749868,0.46086751452559527,100,OSD-678,Ground_control_Col-0_Light_bio_rep2
2.6822715252213967,0.42573068149767623,100,OSD-678,Ground_control_Col-0_Light_bio_rep1
